"시점",M2(말잔 계절조정계열),현금통화,요구불예금,수시입출식저축성예금,MMF,만기2년미만정기예적금,수익증권,시장형상품1),만기2년미만금융채,만기2년미만금전신탁,기타2)
"2000.10",698792.9,-,-,-,-,-,-,-,-,-,-
"2000.11",704545.0,-,-,-,-,-,-,-,-,-,-
"2000.12",704065.6,-,-,-,-,-,-,-,-,-,-
"2001.01",711351.5,-,-,-,-,-,-,-,-,-,-
"2001.02",714773.7,-,-,-,-,-,-,-,-,-,-
"2001.03",717620.7,-,-,-,-,-,-,-,-,-,-
"2001.04",720839.2,-,-,-,-,-,-,-,-,-,-
"2001.05",730570.3,-,-,-,-,-,-,-,-,-,-
"2001.06",738363.6,-,-,-,-,-,-,-,-,-,-
"2001.07",749966.5,-,-,-,-,-,-,-,-,-,-
"2001.08",755723.8,-,-,-,-,-,-,-,-,-,-
"2001.09",765193.1,-,-,-,-,-,-,-,-,-,-
"2001.10",765566.9,-,-,-,-,-,-,-,-,-,-
"2001.11",764751.7,-,-,-,-,-,-,-,-,-,-
"2001.12",763847.0,16520.5,42986.5,150643.6,32152.4,323867.9,74230.4,35106.2,11786.2,48162.9,28390.2
"2002.01",774224.7,16784.2,45564.9,154297.3,33400.0,327144.2,74383.4,35768.5,12105.0,46591.7,28185.4
"2002.02",784552.7,16968.8,46733.0,157410.3,35097.7,328795.6,76107.1,36444.3,12674.6,45458.7,28862.6
"2002.03",798918.7,17048.5,47865.9,160416.9,35803.0,333042.4,78862.7,37058.9,14038.1,45827.5,28954.9
"2002.04",808269.2,17053.3,48306.5,160469.1,35892.7,337241.6,80725.0,37276.1,16207.2,46446.0,28651.8
"2002.05",817431.9,17123.9,47505.6,161192.0,37104.2,340739.2,83036.8,37987.4,16759.3,47309.1,28674.3
"2002.06",821128.2,17258.5,48147.0,158103.5,37175.4,345049.2,84013.3,38583.1,16429.3,48219.0,28149.9
"2002.07",829984.9,17262.6,49255.2,161618.9,35813.4,350367.8,83966.6,39182.3,16776.6,48031.6,27709.8
"2002.08",835984.1,17321.2,49862.1,162755.1,36667.0,352819.6,83045.1,40735.1,17534.7,47790.8,27453.3
"2002.09",848773.9,17148.4,50961.3,166531.5,40213.8,358276.0,82395.9,41333.6,17493.8,47236.6,27183.0
"2002.10",862428.8,17438.4,53477.0,167469.0,39633.4,360851.2,83829.0,42673.8,19387.7,48195.5,29473.8
"2002.11",868092.0,17472.2,52362.3,165422.3,41864.4,363042.0,83719.3,45203.6,21152.6,47451.0,30402.3
"2002.12",871564.1,17655.3,52319.0,164103.8,43188.2,364399.6,84910.1,45323.3,22781.1,47668.9,29215.0
"2003.01",882004.1,19375.0,52308.2,162616.9,46010.9,365296.3,87466.9,46378.7,24325.4,47008.3,31217.7
"2003.02",883705.6,17700.8,52093.6,159780.8,45587.5,367197.5,91628.2,45114.7,26132.1,47027.8,31442.7
"2003.03",887466.4,17725.8,50887.2,177119.4,30149.2,368167.6,88379.3,47947.0,28516.1,45254.7,33320.1
"2003.04",882446.3,17774.0,51965.4,178734.4,26261.3,367307.2,85558.2,50236.5,27126.3,43334.2,34148.7
"2003.05",883262.6,17789.2,53703.4,178631.1,28505.6,368532.5,83481.6,51128.1,27589.0,40874.2,33028.0
"2003.06",880029.8,17395.8,52548.9,174276.4,31704.4,374892.6,80927.9,50142.8,26642.6,39454.9,32043.5
"2003.07",888595.9,17870.5,52270.3,176457.7,35556.1,380917.4,78401.5,50290.2,26328.3,38045.6,32458.2
"2003.08",889963.5,18049.0,54254.2,177789.6,37065.1,378703.6,77832.9,50531.1,27466.6,36682.4,31589.0
"2003.09",889643.2,17956.8,54130.0,177206.9,38552.4,375778.8,76635.3,52417.9,29866.1,35807.1,31291.7
"2003.10",891214.0,17810.2,57434.0,180499.4,39006.2,373853.8,75189.6,52834.2,30076.4,34672.7,29837.6
"2003.11",895503.7,17955.7,56451.3,185751.9,33115.0,381065.8,71913.1,54368.3,28669.9,33976.2,32236.5
"2003.12",895639.8,16806.6,55733.1,182068.1,37012.3,388903.2,67557.1,54436.8,28491.3,33670.8,30960.5
"2004.01",897070.9,18406.5,54598.8,183660.7,37129.6,392908.7,62581.1,53474.8,28759.0,31559.0,33992.6
"2004.02",906986.7,16876.3,56946.2,185269.4,39801.0,395513.2,63568.5,53714.0,31587.7,30110.2,33600.2
"2004.03",911447.1,17139.5,61600.7,182241.5,42608.6,392919.8,64762.5,54425.9,32225.1,29091.5,34432.1
"2004.04",920236.6,17437.9,57650.9,181977.0,44768.9,400189.4,65427.7,55004.0,33910.2,29171.6,34699.1
"2004.05",923153.4,17312.3,57892.1,180766.6,48076.3,397610.4,65061.4,56454.2,35154.6,29616.5,35208.9
"2004.06",923962.3,17041.3,58417.8,180944.6,47205.6,395087.0,66537.0,54907.2,35977.6,30355.4,37488.8
"2004.07",930869.0,17533.9,58804.0,180536.8,47016.2,398435.2,69457.7,55629.1,37737.8,28999.5,36718.8
"2004.08",938875.7,17539.1,58227.9,180655.0,48452.0,401552.2,72140.5,55293.8,37512.4,28685.7,38817.1
"2004.09",941989.4,17826.3,58412.4,180872.8,51549.8,402209.7,75414.4,53511.8,37476.3,28518.3,36197.6
"2004.10",943282.3,18235.9,58420.9,178584.3,55279.9,402146.5,76392.0,53880.1,36694.7,27892.5,35755.6
"2004.11",953327.6,18374.2,58233.3,178088.5,62516.1,405629.2,78529.3,52454.1,38387.0,27538.6,33577.3
"2004.12",953841.5,18489.2,60176.3,178529.3,58028.8,404958.3,82899.0,53861.2,39813.3,26893.2,30192.8
"2005.01",958504.2,18516.9,62702.5,180433.3,58088.9,403569.0,81480.1,55712.5,40154.7,27628.1,30218.1
"2005.02",971109.0,18789.7,62443.3,187097.4,58882.3,404172.6,81291.2,58472.5,42168.3,28332.4,29459.4
"2005.03",969658.2,18329.2,61841.2,186487.5,59174.4,404045.8,79353.1,60225.4,43231.3,28369.6,28600.6
"2005.04",982939.9,18597.5,62676.9,187864.4,59999.5,407612.7,81589.4,62772.7,44226.3,28205.0,29395.5
"2005.05",987911.3,18631.7,63908.0,188649.2,59797.5,409865.6,82453.0,64588.3,43002.7,27935.5,29079.7
"2005.06",995096.2,18775.9,66354.8,190444.2,63726.6,407400.5,81818.3,67279.5,43426.5,28239.2,27630.7
"2005.07",1004623.4,19025.8,65918.8,192362.1,70774.7,407622.9,78525.9,68893.8,43433.0,28314.4,29752.0
"2005.08",1007822.6,19258.8,66823.6,192648.2,70492.2,409059.8,79624.5,70488.4,44211.8,27181.9,28033.5
"2005.09",1013018.5,19478.3,66883.3,202400.1,63558.1,412747.0,79035.0,72524.7,42910.3,26857.7,26623.9
"2005.10",1009310.0,19374.5,66516.7,191136.4,65027.3,417027.9,78773.3,74078.5,41904.0,27714.8,27756.7
"2005.11",1013663.2,19399.7,66426.6,193473.5,61867.7,416727.5,80180.5,74276.5,43099.9,28669.5,29541.8
"2005.12",1017302.3,19615.1,68505.2,198579.6,62429.5,412199.1,83007.7,74145.0,42330.4,28492.3,27998.5
"2006.01",1028054.9,19810.7,70017.1,200228.4,63391.9,414104.4,85115.5,75723.3,41877.8,29713.9,28072.0
"2006.02",1034033.0,20113.7,69647.0,199047.4,62773.2,416048.4,87750.7,75048.0,42215.6,33475.1,27913.8
"2006.03",1038058.3,20294.2,70120.5,200247.8,64402.1,418457.7,89246.0,75256.2,40724.6,32687.2,26622.0
"2006.04",1044068.2,20396.4,69762.7,200912.7,65073.7,420907.4,92546.9,73919.4,39930.2,33490.2,27128.7
"2006.05",1062511.4,20873.7,71645.4,205126.5,67248.5,425800.8,95794.8,74024.3,40986.1,34574.8,26436.5
"2006.06",1075247.3,20585.9,72080.8,208294.4,53683.3,432317.2,99011.1,74539.7,42422.7,42406.1,29906.2
"2006.07",1081775.7,20638.6,72120.0,208321.1,50125.0,436887.3,101354.5,74418.3,44468.5,43638.0,29804.5
"2006.08",1092717.1,20351.0,72397.6,206955.7,50712.9,440452.4,99989.3,78253.4,45533.5,46900.3,31171.0
"2006.09",1112574.3,20386.8,74641.7,208235.9,52999.2,446817.8,103537.2,77470.8,46303.5,49030.6,33150.9
"2006.10",1117405.9,20676.4,75718.7,207918.0,54100.8,445611.9,106254.4,77018.5,47475.9,48617.7,34013.6
"2006.11",1128613.2,20672.2,76694.4,211259.8,57087.4,445521.4,108860.0,76585.3,47479.4,49564.4,34888.8
"2006.12",1144573.1,20748.2,78313.8,215530.8,58259.8,448392.9,110497.5,82950.0,48044.9,50375.1,31460.2
"2007.01",1147306.3,21021.0,75971.2,209350.7,54899.9,451298.4,112736.9,91105.3,48816.9,49575.8,32530.4
"2007.02",1147909.9,21650.3,75992.6,207490.8,50900.5,453157.9,115394.7,89934.8,48933.5,51081.1,33373.8
"2007.03",1160311.5,21098.6,77469.1,209519.0,48874.1,454664.4,119408.0,92072.0,49299.2,54949.4,32957.8
"2007.04",1163956.2,21064.3,77116.2,207436.8,47674.8,459328.6,117574.5,95207.5,50827.4,52845.0,34881.1
"2007.05",1177305.6,20989.2,76182.9,205444.0,48777.8,464729.5,121831.7,98327.2,51408.5,54364.2,35250.5
"2007.06",1193136.8,21066.9,74417.4,203806.7,53185.2,469746.8,127817.7,99988.0,51379.5,56145.3,35583.5
"2007.07",1208042.7,21020.7,76270.9,204653.3,52269.9,469978.1,134994.9,103208.6,51814.2,56694.8,37137.4
"2007.08",1212977.9,21245.6,75765.8,204831.6,49853.4,466985.9,140794.1,107925.1,51476.1,58578.2,35522.2
"2007.09",1224764.4,21392.9,75903.7,202962.2,53514.9,466355.9,149398.7,104847.7,51011.4,62145.3,37231.6
"2007.10",1244856.2,21334.1,78749.8,209112.5,52645.1,463661.5,160133.6,106773.1,51929.4,63298.2,37219.1
"2007.11",1255772.9,21515.8,80613.4,206350.1,52456.9,469463.9,170836.8,106964.0,50867.4,62500.4,34204.2
"2007.12",1277716.2,21517.6,78407.1,205227.2,48172.6,480917.4,179801.8,110099.5,52385.7,65090.0,36097.2
"2008.01",1300788.9,21327.8,76348.7,201534.2,50645.8,495847.3,188906.8,110332.3,52537.6,68552.2,34756.2
"2008.02",1321330.6,21585.0,76337.9,202944.3,59294.3,503131.9,194957.8,108047.2,53177.5,66309.1,35545.6
"2008.03",1325472.1,21732.5,76044.2,197794.8,53871.1,507201.3,200780.4,108728.9,53899.4,69620.2,35799.2
"2008.04",1357256.2,21841.1,78214.8,203579.1,58372.0,513240.0,204606.3,111366.2,58570.7,71063.5,36402.4
"2008.05",1363020.8,22003.3,78790.2,204382.5,61259.3,516664.2,203727.0,113296.6,57945.0,66023.8,38928.9
"2008.06",1362676.1,22143.3,78492.2,207124.8,58734.5,518153.3,202613.2,115121.7,59009.3,65172.9,36110.8
"2008.07",1376448.5,22061.8,79635.7,209602.7,58034.0,520791.2,201999.2,116269.0,59779.4,68288.0,39987.5
"2008.08",1390953.9,22207.5,81252.6,208426.6,60424.5,525951.4,202608.6,116061.2,63123.3,71910.9,38987.3
"2008.09",1393143.1,22515.8,81779.7,214522.7,50267.3,534091.6,199880.1,118249.5,62381.8,67889.5,41565.1
"2008.10",1410713.7,22582.5,81086.6,217749.2,46631.1,553201.1,191961.9,122766.8,62013.2,66991.3,45730.0
"2008.11",1416552.6,23112.6,80384.8,217848.7,50099.8,560593.6,187774.1,116333.8,62176.8,70200.2,48028.1
"2008.12",1420513.9,22851.5,81386.6,216996.3,51235.2,572046.3,186720.5,111431.7,62129.8,66445.2,49270.8
"2009.01",1447176.3,23503.3,84040.4,218670.2,66730.7,579643.3,180596.4,108751.1,62691.1,68797.2,53752.5
"2009.02",1468724.4,23740.2,87133.2,230012.8,75447.9,584420.6,175701.4,110852.1,62419.8,65021.0,53975.3
"2009.03",1477172.3,23919.7,89531.9,233256.1,75324.8,586169.4,176460.3,110686.2,64151.1,64211.8,53460.9
"2009.04",1489725.1,24153.4,92087.7,239600.9,77099.4,587000.2,176021.2,111354.9,66694.8,64848.9,50863.7
"2009.05",1497469.5,23867.1,90958.8,244154.0,72183.2,588962.6,175740.5,111609.8,71567.4,68121.3,50304.8
"2009.06",1504947.6,24849.7,96679.8,246598.9,63967.9,591573.1,175018.0,113864.6,75618.1,65027.4,51750.1
"2009.07",1508400.0,25726.8,92238.6,246373.2,56146.5,604392.9,173015.6,112644.9,75060.5,65898.5,56902.6
"2009.08",1528685.5,26133.4,94810.7,253377.0,50913.6,611193.1,171113.8,114566.9,61057.1,69169.5,76350.3
"2009.09",1530457.4,27272.9,95364.0,253655.5,48988.3,619271.6,167352.1,114970.3,59524.8,69378.8,74679.1
"2009.10",1547684.4,27464.2,94735.1,253840.5,45905.7,632200.8,166367.5,118280.0,56351.9,75862.1,76676.6
"2009.11",1560275.6,27815.4,96283.5,252989.7,48434.5,644305.1,163160.0,116954.8,57774.2,77285.3,75273.2
"2009.12",1564576.2,28827.5,95268.4,256205.4,54280.9,650517.6,157764.1,115526.9,54540.8,75998.9,75645.6
"2010.01",1588337.4,28351.2,97314.9,255988.1,57202.3,674504.7,152965.6,110409.4,58237.8,80736.6,72626.7
"2010.02",1593006.8,28715.0,97696.0,256417.0,52243.7,681263.1,155185.1,107897.4,59052.0,80124.2,74413.2
"2010.03",1616280.1,29738.1,98643.2,257777.0,59789.8,699854.2,152997.4,97830.3,61510.2,81119.3,77020.6
"2010.04",1626339.8,30555.4,98152.1,260443.6,63431.0,711026.4,151981.9,88697.1,62296.5,83534.2,76221.5
"2010.05",1638256.5,31068.8,99498.5,270557.4,57231.0,724833.4,152782.7,81245.8,63158.3,85098.0,72782.5
"2010.06",1644664.2,31680.1,101689.5,269524.9,62784.7,737368.0,146033.6,74474.6,62632.4,83750.4,74726.0
"2010.07",1643203.9,32007.1,102731.4,268458.6,55315.4,749206.1,141842.6,68212.2,62728.0,83181.6,79521.1
"2010.08",1652293.0,32484.1,100833.6,271427.7,56171.0,761261.5,141184.7,64241.5,62921.7,84419.0,77348.3
"2010.09",1653930.4,32582.5,101764.9,268221.7,57084.8,770212.6,141102.1,61230.6,63349.0,78802.2,79579.9
"2010.10",1664712.2,32899.1,101474.2,275727.7,58427.5,776465.2,141423.2,55762.0,65131.0,81348.8,76053.5
"2010.11",1675564.8,33752.5,102815.7,282764.7,59974.0,781175.8,141474.7,51584.0,64307.8,82201.5,75514.1
"2010.12",1654675.8,34462.8,100291.2,283339.6,54885.8,778830.5,141276.5,50197.1,60973.7,75908.4,74510.2
"2011.01",1672025.3,35697.4,107456.9,287224.5,49965.8,782895.2,142922.5,48407.7,63278.4,80449.2,73727.6
"2011.02",1679474.1,35578.3,106585.2,288044.0,45255.9,794337.4,142074.8,46906.6,61432.1,84858.4,74401.5
"2011.03",1680236.3,35390.8,100421.7,287095.5,46923.6,801895.4,142969.2,46303.2,57863.3,85142.0,76231.5
"2011.04",1690397.6,35614.2,101136.4,288393.6,44335.5,812614.3,142081.2,45684.8,55285.6,87542.8,77709.2
"2011.05",1688354.1,36118.5,101411.6,280289.8,44147.1,821289.5,143859.8,45051.6,59468.0,84410.9,72307.3
"2011.06",1691081.9,36514.0,100814.3,280129.2,43632.4,826215.0,144847.4,44787.3,57000.7,85208.5,71933.1
"2011.07",1708850.2,36657.8,102315.9,283582.4,38970.4,833538.1,146185.3,45283.7,56623.3,91642.0,74051.5
"2011.08",1714816.8,37291.6,100849.3,286455.3,38045.1,839309.7,147256.1,44943.6,56871.0,91629.4,72165.6
"2011.09",1730154.1,37337.6,101196.6,283410.4,41577.5,843035.6,150618.9,44811.3,57352.7,95429.5,75383.9
"2011.10",1739993.6,37952.8,101170.4,285934.1,45099.4,847438.0,148674.1,44738.8,59424.8,95115.0,74446.3
"2011.11",1747627.2,38395.8,101377.7,286383.9,44693.0,852892.3,148160.7,44915.6,60384.9,94460.1,75963.0
"2011.12",1745479.0,38978.2,103250.8,286021.3,40886.8,854129.1,151316.2,42432.7,60433.3,95516.3,72514.3
"2012.01",1754492.4,39192.6,101495.1,291536.5,45844.7,851921.0,148210.2,41806.2,59700.0,96884.1,77901.9
"2012.02",1761834.9,40054.0,101402.2,292937.6,42620.2,860273.1,147225.2,40889.3,58935.1,102104.3,75393.8
"2012.03",1781796.6,40136.0,105288.3,297706.4,45754.3,863160.1,146031.2,41037.1,59961.8,106394.2,76327.1
"2012.04",1777140.1,40484.1,102826.6,295167.1,45430.4,866806.2,144569.5,40381.4,60171.8,104663.3,76639.6
"2012.05",1783471.9,41078.9,102031.8,297172.2,43691.1,871897.7,144585.0,38725.4,62483.4,106621.0,75185.4
"2012.06",1793953.8,41334.0,103731.2,294477.2,43746.6,877847.9,144970.1,36981.4,64049.4,109330.7,77485.2
"2012.07",1810820.3,41689.6,102759.6,299859.6,46931.8,883001.9,146383.7,35954.2,62968.3,109990.5,81281.0
"2012.08",1809494.1,42004.7,103215.4,298199.8,48741.0,881950.3,147310.9,34339.5,62484.0,110810.8,80437.8
"2012.09",1814426.9,43789.8,103271.0,299371.4,47385.3,881374.8,147628.1,33298.5,61524.0,113798.5,82985.6
"2012.10",1824948.7,43840.0,106637.7,300372.0,54088.4,878045.9,149130.6,31824.5,60399.5,116244.8,84365.2
"2012.11",1828334.9,43694.2,105552.1,302924.2,51244.7,878284.6,150729.7,31174.7,60665.6,121358.2,82707.1
"2012.12",1840118.2,43873.5,108305.8,308913.7,45763.5,881443.8,150630.0,30450.7,60609.0,129676.5,80451.8
"2013.01",1847193.9,44272.0,109291.7,309469.7,54076.9,881579.5,150169.5,31319.6,58502.0,131158.1,77355.0
"2013.02",1854094.3,44668.0,109449.4,312567.4,52633.8,881413.6,151915.9,31846.5,58162.9,132053.9,79382.8
"2013.03",1863650.9,46628.3,112877.4,313112.6,53768.3,877041.9,155342.7,31720.7,59928.1,134116.0,79114.8
"2013.04",1871682.6,47615.8,113333.8,317312.8,47256.0,877857.7,160554.0,31391.6,61575.3,134774.8,80010.7
"2013.05",1878597.5,48450.1,116114.4,321234.8,51269.8,870346.0,160927.0,31646.6,62802.0,136838.4,78968.4
"2013.06",1880737.5,48786.9,115421.9,327800.4,48715.6,867450.4,160659.0,31982.8,64216.5,136939.2,78764.9
"2013.07",1879888.3,49747.4,115121.4,321645.6,52054.4,866839.3,160834.3,32658.1,65076.1,135584.9,80326.6
"2013.08",1890507.4,50048.7,117585.5,320526.0,49162.4,869867.8,157922.7,33176.9,66297.0,140825.7,85094.7
"2013.09",1904728.3,50939.6,118989.6,327491.5,50736.7,870823.8,155483.5,33005.0,67725.1,143664.3,85869.3
"2013.10",1908084.8,51470.2,118923.2,330672.8,47932.2,869868.0,153084.0,32317.2,69495.6,146426.9,87894.7
"2013.11",1918112.0,52398.7,120784.0,331018.4,47163.9,869397.9,151157.7,34439.7,71776.1,149674.9,90300.9
"2013.12",1925002.7,52942.1,122994.2,329773.6,44232.6,872409.8,152600.9,34621.6,71158.1,153837.7,90432.2
"2014.01",1947515.6,55083.3,124674.9,333326.2,47648.0,872830.9,154649.7,33957.0,73552.1,158666.4,93127.1
"2014.02",1964346.6,57066.8,125924.0,338311.7,53100.9,876301.8,154788.3,33053.1,73131.6,156418.1,96250.4
"2014.03",1966281.4,55746.2,125386.6,337434.7,51707.5,880242.0,153771.9,32325.7,76673.7,158990.9,94002.0
"2014.04",1974261.2,56322.2,125571.6,340235.2,48912.1,878667.2,153568.2,32329.4,78675.6,161102.5,98877.2
"2014.05",1989131.0,56926.7,127833.0,343691.2,50602.3,880555.7,152699.1,31263.5,79426.6,164306.9,101826.1
"2014.06",1996979.2,57972.3,130475.0,345855.6,47593.7,882803.2,152568.6,30177.0,80523.3,168811.0,100199.5
"2014.07",2017151.4,58846.5,131122.8,350357.0,55640.7,883956.8,151616.0,28478.0,80496.7,173058.0,103579.0
"2014.08",2029634.2,59630.9,133676.3,353044.6,61127.6,880902.0,150663.7,26560.6,81014.6,175812.5,107201.3
"2014.09",2040018.6,59716.0,134112.0,359432.2,59561.3,882428.9,152155.6,26996.5,81373.9,181033.1,103209.0
"2014.10",2068512.8,60883.9,136471.1,364117.7,67311.4,879005.3,157813.7,25650.8,84030.1,187738.7,105490.0
"2014.11",2081613.3,62596.7,138769.4,368095.7,64629.0,886673.4,160908.8,24770.7,83291.0,185201.8,106676.8
"2014.12",2083218.2,64182.5,138813.7,372575.7,58061.1,890375.3,161242.3,24614.8,85863.1,182878.8,104610.8
"2015.01",2091409.6,64367.8,142361.3,367709.3,70420.4,883175.7,160514.2,25959.2,84984.3,186102.6,105814.7
"2015.02",2110311.1,65894.7,146147.9,379320.6,71376.1,878189.6,162402.6,25817.1,84111.4,189185.5,107865.6
"2015.03",2130742.3,67300.7,147663.3,387772.0,75387.6,880705.8,162484.3,26324.4,84481.6,192072.2,106550.4
"2015.04",2158644.9,68256.6,154118.9,397254.3,78434.3,877723.8,165487.7,26364.4,84995.0,193688.2,112321.8
"2015.05",2170652.9,68963.7,156767.9,400280.8,76860.6,879301.0,165075.7,27111.3,85708.1,198688.9,111895.0
"2015.06",2185308.0,70234.6,160424.1,409526.8,74780.0,879922.9,166058.6,27508.1,86508.6,197989.5,112354.7
"2015.07",2201836.9,71239.8,166237.6,416452.2,77952.8,879772.1,169038.8,27256.9,84718.6,197225.1,111943.0
"2015.08",2220758.0,72383.1,170057.8,422260.5,74575.0,880472.0,174798.3,28682.3,84176.5,199104.4,114248.3
"2015.09",2222873.6,73820.3,176088.5,431668.3,69747.3,878351.7,174421.0,30338.5,81107.8,191499.9,115830.3
"2015.10",2230980.7,74430.3,174714.9,428529.4,71139.6,882926.1,173915.6,31998.7,84843.7,193747.0,114735.3
"2015.11",2238505.8,75216.9,177560.9,433845.2,67818.3,884680.1,173269.6,30973.0,84968.7,193295.1,116877.9
"2015.12",2252171.2,75969.4,178451.4,443301.5,58173.9,896207.4,173465.0,31774.8,82685.3,195899.5,116243.2
"2016.01",2266781.4,76464.0,181485.8,436162.2,72441.8,899979.2,175836.3,31044.4,84573.0,195994.4,112800.3
"2016.02",2286645.5,77237.4,185062.5,444888.1,69213.6,908172.3,178169.1,30991.9,83632.6,197447.2,111830.8
"2016.03",2299682.0,79017.1,187268.7,455911.1,64886.5,906528.6,178875.3,30326.6,81721.6,200090.9,115055.7
"2016.04",2298306.6,79340.1,184918.5,451511.2,62887.3,910164.3,179212.9,29664.5,80739.7,201228.4,118639.7
"2016.05",2321864.7,80888.2,190330.4,457121.0,69998.0,913778.2,180503.9,30252.0,79630.8,203209.9,116152.4
"2016.06",2330392.4,81751.1,190125.4,463580.4,65164.9,917621.2,182339.0,26666.8,78969.2,205553.7,118620.8
"2016.07",2356688.8,81914.5,192455.9,462553.9,74271.8,921619.3,184827.7,27356.7,78837.1,209850.8,123001.0
"2016.08",2383861.3,83261.6,196794.8,476976.5,73115.7,922833.2,184823.4,26938.1,80143.3,215110.9,123863.9
"2016.09",2386375.0,83474.3,197310.2,472362.8,70383.8,928902.7,183498.6,25528.0,82277.6,219475.2,123161.7
"2016.10",2392816.5,84732.0,202579.3,477328.3,66049.0,932598.9,183825.9,25940.5,81720.6,218271.9,119770.0
"2016.11",2404867.0,85562.3,206175.0,482479.2,63684.4,937022.8,181280.1,25815.8,83993.2,219254.6,119599.5
"2016.12",2399741.3,85692.0,204077.2,484889.1,61341.0,934422.7,180223.7,27396.4,82924.8,214354.0,124420.3
"2017.01",2405487.2,88180.4,205470.8,486719.5,63682.3,937864.9,179552.8,26719.9,81863.4,211247.7,124185.6
"2017.02",2429038.6,90053.0,207159.4,490985.1,67202.0,943122.1,174740.6,26870.8,86485.3,215630.4,126789.8
"2017.03",2441237.4,88725.8,208237.4,494002.3,67987.7,945674.2,176809.0,26442.0,87004.5,215233.1,131121.3
"2017.04",2445358.9,89258.9,207824.5,495174.3,63860.0,950894.9,175455.4,27209.1,88482.1,219632.6,127567.1
"2017.05",2454424.8,90545.1,209604.8,496429.6,66344.2,953212.4,176044.0,28275.4,88631.5,215542.2,129795.6
"2017.06",2459115.6,91489.5,211660.4,503483.5,58166.9,953629.3,175663.4,30328.4,88582.7,219518.1,126593.3
"2017.07",2477331.8,92304.6,210481.6,504260.9,65564.7,959104.2,173369.3,31904.0,89806.0,219847.5,130689.1
"2017.08",2486613.2,93064.1,214542.1,504557.3,59760.7,968940.5,176470.0,33237.8,90246.4,216831.6,128962.8
"2017.09",2494169.6,95923.8,217229.2,509301.7,53411.2,974479.9,178416.6,32976.5,89560.1,214938.0,127932.6
"2017.10",2512405.4,95493.8,223375.5,513149.1,55497.6,975268.4,178766.5,32344.2,92463.5,210345.1,135701.7
"2017.11",2523634.9,95831.7,221071.3,513604.2,53699.6,977936.5,180610.8,33334.2,96173.6,214281.9,137091.2
"2017.12",2522385.1,95621.5,219899.7,513932.1,48987.1,978978.0,181375.4,33053.9,93707.3,211130.3,145700.0
"2018.01",2566352.4,96412.7,220426.8,521521.1,64895.8,991788.7,179631.7,32543.4,96846.6,221594.0,140691.6
"2018.02",2567235.4,97240.5,219097.2,519513.8,61534.7,998376.5,182847.4,32046.7,95053.5,221235.6,140289.4
"2018.03",2571823.7,97905.4,220789.4,518460.6,57930.8,1003205.1,185484.8,32018.8,94848.4,220177.2,141003.2
"2018.04",2593755.5,99006.3,220177.1,523553.2,61513.7,1016565.9,190325.8,31309.8,95072.7,222358.3,133872.6
"2018.05",2612104.2,99351.5,223160.5,519977.2,65320.0,1031189.1,187724.1,34518.6,94662.1,226025.4,130175.7
"2018.06",2614376.0,99414.5,223258.1,518203.3,66018.3,1039995.6,191487.3,35062.0,95723.9,221069.8,124143.2
"2018.07",2642457.2,100613.4,225075.4,520739.9,69611.3,1050412.6,189970.7,38266.1,97048.1,225208.7,125510.9
"2018.08",2648744.1,100870.7,221252.3,523225.8,59542.6,1058052.0,193724.2,34803.4,99080.9,226881.7,131310.4
"2018.09",2654388.1,101669.1,222852.7,521158.5,51920.4,1069322.6,197892.0,32426.3,97161.7,228913.7,131071.2
"2018.10",2685738.5,102593.5,223022.0,523113.5,55547.1,1087157.8,197709.1,35596.7,98248.6,237448.8,125301.7
"2018.11",2690781.1,103280.1,223843.6,520808.0,51893.9,1087600.2,202432.0,35415.9,98180.5,234765.1,132562.0
"2018.12",2705784.2,104268.7,228410.5,521443.1,46090.7,1094172.2,205490.8,34335.6,96261.2,242289.2,133022.2
"2019.01",2725133.7,107123.0,232814.3,525992.4,49861.7,1097871.2,209139.7,34906.6,94732.0,241791.0,130901.9
"2019.02",2734918.2,104346.2,229219.9,524143.8,54493.8,1113827.5,210903.9,34235.4,91081.2,242924.1,129742.3
"2019.03",2748431.5,105991.3,230609.8,528043.6,53325.0,1121131.0,212871.8,33539.1,91841.6,246089.0,124989.5
"2019.04",2765311.5,107100.3,232662.0,530651.6,53553.2,1135700.5,213513.0,32018.1,91472.2,246919.3,121721.3
"2019.05",2776574.1,107480.8,232429.7,532336.8,48145.3,1144542.4,215994.7,29153.0,89895.6,250153.3,126442.6
"2019.06",2796024.8,107674.2,234630.3,527952.1,48511.0,1157056.7,217793.2,27859.1,89137.5,254159.5,131251.0
"2019.07",2818498.5,109218.1,238194.8,532634.8,49628.5,1172151.5,219102.7,25402.6,87548.0,254411.3,130206.2
"2019.08",2842442.6,109557.2,240181.9,536313.3,43824.1,1183962.9,219835.4,24304.9,88445.4,258064.0,137953.5
"2019.09",2862820.3,110485.1,241734.0,541800.1,45290.4,1191086.9,221276.3,23961.6,86884.3,263238.7,137062.8
"2019.10",2876203.0,111800.2,244154.0,542221.4,45360.9,1200531.6,221936.2,23104.7,86934.7,261787.4,138371.9
"2019.11",2906367.0,112399.4,246949.3,556608.6,45698.2,1210408.3,223383.7,22592.6,84708.0,266788.4,136830.6
"2019.12",2913479.1,114664.1,256651.1,568213.0,40715.2,1189832.6,228276.8,21002.0,82393.0,268068.7,143662.5
"2020.01",2934433.6,114813.7,262269.9,575686.0,54138.7,1193923.4,223443.9,20447.5,81006.1,268785.7,139918.6
"2020.02",2962716.3,118442.0,271195.0,590525.4,61743.9,1192342.0,222364.2,19606.6,82758.9,268604.9,135133.5
"2020.03",2981361.2,120113.0,277021.6,602754.6,45941.0,1205726.7,223226.6,19065.8,81320.9,259868.5,146322.6
"2020.04",3015118.9,122188.5,287119.2,613454.0,47461.6,1203157.3,221977.8,19440.0,85192.0,266275.0,148853.4
"2020.05",3052853.9,123530.9,296244.9,626261.6,62506.1,1200437.4,219590.6,16812.9,86568.4,266213.3,154687.7
"2020.06",3074968.6,126981.0,303128.2,642410.1,61805.9,1196802.5,216527.7,15991.9,86330.4,266099.3,158891.4
"2020.07",3101085.0,128171.3,308101.2,654361.6,65821.0,1190993.0,219271.9,15854.1,88406.5,270001.9,160102.6
"2020.08",3104519.1,129950.5,314047.7,660976.3,64524.2,1187961.9,219201.3,14021.6,86711.9,263416.4,163707.3
"2020.09",3130951.2,132247.3,322890.3,671741.9,60353.6,1192425.5,215972.7,14699.3,87398.7,271734.0,161487.9
"2020.10",3167776.6,131964.8,333655.6,681040.3,63745.2,1189742.7,220101.4,15612.4,90070.6,276590.8,165252.8
"2020.11",3198075.5,134693.9,341869.6,693176.5,68510.7,1190327.9,219664.5,14150.5,88937.0,283271.6,163473.3
"2020.12",3193700.9,136166.2,341682.1,706396.0,58370.5,1188894.3,223518.7,14282.2,87460.1,270215.3,166715.6
"2021.01",3234250.4,136956.7,350230.2,711435.5,77715.0,1192022.4,224580.9,14579.0,86625.2,277915.2,162190.3
"2021.02",3265886.6,136616.1,358376.9,721264.5,71459.8,1193589.0,230469.4,15726.5,89177.2,284205.8,165001.4
"2021.03",3317829.9,141891.4,365684.3,738341.9,71815.5,1200979.3,231088.1,16665.3,88010.3,290981.3,172372.4
"2021.04",3348177.5,142031.5,382785.2,735639.8,79066.9,1194796.9,234115.6,18401.8,94664.3,307819.7,158855.8
"2021.05",3388794.2,144770.8,375568.6,747972.4,84032.7,1207588.2,243343.8,19824.7,89574.5,296415.9,179702.7
"2021.06",3408441.9,146257.5,378783.6,755736.9,75696.0,1217827.1,245646.3,20068.1,93843.2,300940.9,173642.3
"2021.07",3439964.2,146451.9,386045.9,761408.3,87200.3,1224041.3,245368.6,21455.7,98791.4,302367.9,166832.8
"2021.08",3501222.1,149393.2,407152.4,771869.3,73209.3,1233234.3,254760.2,23622.8,100826.3,312443.1,174711.2
"2021.09",3514535.3,150039.6,404147.5,782495.2,66991.0,1240247.8,258230.7,25126.0,100494.1,309159.3,177604.1
"2021.10",3559644.9,151898.8,404621.0,782859.0,72048.8,1254418.9,263402.6,24908.1,106975.4,313864.7,184647.6
"2021.11",3602112.5,155029.9,409305.9,792257.1,65217.4,1264909.0,267351.8,28778.5,109648.6,320600.5,189013.8
"2021.12",3610685.1,155830.0,404695.7,796763.1,56116.5,1277931.1,271095.5,31569.1,107036.3,326373.2,183274.5
"2022.01",3641786.9,150171.0,406334.0,794284.8,63231.0,1305961.5,260100.9,30068.0,108475.0,343342.3,179818.4
"2022.02",3653013.9,158033.5,406842.0,803127.6,58225.5,1318906.2,263752.7,29396.6,113093.6,317989.6,183646.7
"2022.03",3644094.6,161589.6,415361.9,797303.5,53379.2,1319151.3,267808.8,29462.7,110627.7,310339.6,179070.4
"2022.04",3656057.6,160842.0,413389.0,795808.3,50166.2,1333516.2,268814.0,29919.3,115478.9,312290.4,175833.3
"2022.05",3700645.9,164300.3,431226.2,792054.9,38660.9,1358272.6,269787.5,33570.3,116574.2,319217.3,176981.7
"2022.06",3691386.1,165668.0,424679.7,790244.4,28437.1,1373276.6,267059.7,33708.9,117549.8,314618.3,176143.6
"2022.07",3719258.7,164955.5,412982.9,769427.7,29848.4,1415223.0,270009.0,34949.2,122593.1,318988.7,180281.2
"2022.08",3738504.6,167385.5,404576.8,766610.2,26565.5,1444344.4,269455.8,33870.3,123902.1,321753.1,180040.9
"2022.09",3745708.5,164347.0,402260.2,750262.1,6824.5,1479045.8,269711.8,36383.1,128500.8,320734.4,187638.9
"2022.10",3768318.1,166763.6,382604.8,734712.5,10960.2,1533341.6,263931.9,36156.4,130223.9,313210.8,196412.4
"2022.11",3781827.7,164215.1,370205.7,712027.5,14615.4,1586394.7,257201.2,38626.2,130695.1,305398.2,202448.8
